--
-- PostgreSQL database dump
--

-- Dumped from database version 15.13 (Debian 15.13-1.pgdg120+1)
-- Dumped by pg_dump version 15.13 (Debian 15.13-1.pgdg120+1)

SET statement_timeout = 0;
SET lock_timeout = 0;
SET idle_in_transaction_session_timeout = 0;
SET client_encoding = 'UTF8';
SET standard_conforming_strings = on;
SELECT pg_catalog.set_config('search_path', '', false);
SET check_function_bodies = false;
SET xmloption = content;
SET client_min_messages = warning;
SET row_security = off;

SET default_tablespace = '';

SET default_table_access_method = heap;

--
-- Name: auth_group; Type: TABLE; Schema: public; Owner: shopuser
--

CREATE TABLE public.auth_group (
    id integer NOT NULL,
    name character varying(150) NOT NULL
);


ALTER TABLE public.auth_group OWNER TO shopuser;

--
-- Name: auth_group_id_seq; Type: SEQUENCE; Schema: public; Owner: shopuser
--

ALTER TABLE public.auth_group ALTER COLUMN id ADD GENERATED BY DEFAULT AS IDENTITY (
    SEQUENCE NAME public.auth_group_id_seq
    START WITH 1
    INCREMENT BY 1
    NO MINVALUE
    NO MAXVALUE
    CACHE 1
);


--
-- Name: auth_group_permissions; Type: TABLE; Schema: public; Owner: shopuser
--

CREATE TABLE public.auth_group_permissions (
    id bigint NOT NULL,
    group_id integer NOT NULL,
    permission_id integer NOT NULL
);


ALTER TABLE public.auth_group_permissions OWNER TO shopuser;

--
-- Name: auth_group_permissions_id_seq; Type: SEQUENCE; Schema: public; Owner: shopuser
--

ALTER TABLE public.auth_group_permissions ALTER COLUMN id ADD GENERATED BY DEFAULT AS IDENTITY (
    SEQUENCE NAME public.auth_group_permissions_id_seq
    START WITH 1
    INCREMENT BY 1
    NO MINVALUE
    NO MAXVALUE
    CACHE 1
);


--
-- Name: auth_permission; Type: TABLE; Schema: public; Owner: shopuser
--

CREATE TABLE public.auth_permission (
    id integer NOT NULL,
    name character varying(255) NOT NULL,
    content_type_id integer NOT NULL,
    codename character varying(100) NOT NULL
);


ALTER TABLE public.auth_permission OWNER TO shopuser;

--
-- Name: auth_permission_id_seq; Type: SEQUENCE; Schema: public; Owner: shopuser
--

ALTER TABLE public.auth_permission ALTER COLUMN id ADD GENERATED BY DEFAULT AS IDENTITY (
    SEQUENCE NAME public.auth_permission_id_seq
    START WITH 1
    INCREMENT BY 1
    NO MINVALUE
    NO MAXVALUE
    CACHE 1
);


--
-- Name: auth_user; Type: TABLE; Schema: public; Owner: shopuser
--

CREATE TABLE public.auth_user (
    id integer NOT NULL,
    password character varying(128) NOT NULL,
    last_login timestamp with time zone,
    is_superuser boolean NOT NULL,
    username character varying(150) NOT NULL,
    first_name character varying(150) NOT NULL,
    last_name character varying(150) NOT NULL,
    email character varying(254) NOT NULL,
    is_staff boolean NOT NULL,
    is_active boolean NOT NULL,
    date_joined timestamp with time zone NOT NULL
);


ALTER TABLE public.auth_user OWNER TO shopuser;

--
-- Name: auth_user_groups; Type: TABLE; Schema: public; Owner: shopuser
--

CREATE TABLE public.auth_user_groups (
    id bigint NOT NULL,
    user_id integer NOT NULL,
    group_id integer NOT NULL
);


ALTER TABLE public.auth_user_groups OWNER TO shopuser;

--
-- Name: auth_user_groups_id_seq; Type: SEQUENCE; Schema: public; Owner: shopuser
--

ALTER TABLE public.auth_user_groups ALTER COLUMN id ADD GENERATED BY DEFAULT AS IDENTITY (
    SEQUENCE NAME public.auth_user_groups_id_seq
    START WITH 1
    INCREMENT BY 1
    NO MINVALUE
    NO MAXVALUE
    CACHE 1
);


--
-- Name: auth_user_id_seq; Type: SEQUENCE; Schema: public; Owner: shopuser
--

ALTER TABLE public.auth_user ALTER COLUMN id ADD GENERATED BY DEFAULT AS IDENTITY (
    SEQUENCE NAME public.auth_user_id_seq
    START WITH 1
    INCREMENT BY 1
    NO MINVALUE
    NO MAXVALUE
    CACHE 1
);


--
-- Name: auth_user_user_permissions; Type: TABLE; Schema: public; Owner: shopuser
--

CREATE TABLE public.auth_user_user_permissions (
    id bigint NOT NULL,
    user_id integer NOT NULL,
    permission_id integer NOT NULL
);


ALTER TABLE public.auth_user_user_permissions OWNER TO shopuser;

--
-- Name: auth_user_user_permissions_id_seq; Type: SEQUENCE; Schema: public; Owner: shopuser
--

ALTER TABLE public.auth_user_user_permissions ALTER COLUMN id ADD GENERATED BY DEFAULT AS IDENTITY (
    SEQUENCE NAME public.auth_user_user_permissions_id_seq
    START WITH 1
    INCREMENT BY 1
    NO MINVALUE
    NO MAXVALUE
    CACHE 1
);


--
-- Name: django_admin_log; Type: TABLE; Schema: public; Owner: shopuser
--

CREATE TABLE public.django_admin_log (
    id integer NOT NULL,
    action_time timestamp with time zone NOT NULL,
    object_id text,
    object_repr character varying(200) NOT NULL,
    action_flag smallint NOT NULL,
    change_message text NOT NULL,
    content_type_id integer,
    user_id integer NOT NULL,
    CONSTRAINT django_admin_log_action_flag_check CHECK ((action_flag >= 0))
);


ALTER TABLE public.django_admin_log OWNER TO shopuser;

--
-- Name: django_admin_log_id_seq; Type: SEQUENCE; Schema: public; Owner: shopuser
--

ALTER TABLE public.django_admin_log ALTER COLUMN id ADD GENERATED BY DEFAULT AS IDENTITY (
    SEQUENCE NAME public.django_admin_log_id_seq
    START WITH 1
    INCREMENT BY 1
    NO MINVALUE
    NO MAXVALUE
    CACHE 1
);


--
-- Name: django_content_type; Type: TABLE; Schema: public; Owner: shopuser
--

CREATE TABLE public.django_content_type (
    id integer NOT NULL,
    app_label character varying(100) NOT NULL,
    model character varying(100) NOT NULL
);


ALTER TABLE public.django_content_type OWNER TO shopuser;

--
-- Name: django_content_type_id_seq; Type: SEQUENCE; Schema: public; Owner: shopuser
--

ALTER TABLE public.django_content_type ALTER COLUMN id ADD GENERATED BY DEFAULT AS IDENTITY (
    SEQUENCE NAME public.django_content_type_id_seq
    START WITH 1
    INCREMENT BY 1
    NO MINVALUE
    NO MAXVALUE
    CACHE 1
);


--
-- Name: django_migrations; Type: TABLE; Schema: public; Owner: shopuser
--

CREATE TABLE public.django_migrations (
    id bigint NOT NULL,
    app character varying(255) NOT NULL,
    name character varying(255) NOT NULL,
    applied timestamp with time zone NOT NULL
);


ALTER TABLE public.django_migrations OWNER TO shopuser;

--
-- Name: django_migrations_id_seq; Type: SEQUENCE; Schema: public; Owner: shopuser
--

ALTER TABLE public.django_migrations ALTER COLUMN id ADD GENERATED BY DEFAULT AS IDENTITY (
    SEQUENCE NAME public.django_migrations_id_seq
    START WITH 1
    INCREMENT BY 1
    NO MINVALUE
    NO MAXVALUE
    CACHE 1
);


--
-- Name: django_session; Type: TABLE; Schema: public; Owner: shopuser
--

CREATE TABLE public.django_session (
    session_key character varying(40) NOT NULL,
    session_data text NOT NULL,
    expire_date timestamp with time zone NOT NULL
);


ALTER TABLE public.django_session OWNER TO shopuser;

--
-- Name: store_cart; Type: TABLE; Schema: public; Owner: shopuser
--

CREATE TABLE public.store_cart (
    id bigint NOT NULL,
    user_id bigint NOT NULL
);


ALTER TABLE public.store_cart OWNER TO shopuser;

--
-- Name: store_cart_id_seq; Type: SEQUENCE; Schema: public; Owner: shopuser
--

ALTER TABLE public.store_cart ALTER COLUMN id ADD GENERATED BY DEFAULT AS IDENTITY (
    SEQUENCE NAME public.store_cart_id_seq
    START WITH 1
    INCREMENT BY 1
    NO MINVALUE
    NO MAXVALUE
    CACHE 1
);


--
-- Name: store_cartitem; Type: TABLE; Schema: public; Owner: shopuser
--

CREATE TABLE public.store_cartitem (
    id bigint NOT NULL,
    quantity integer NOT NULL,
    cart_id bigint NOT NULL,
    product_id bigint NOT NULL,
    CONSTRAINT store_cartitem_quantity_check CHECK ((quantity >= 0))
);


ALTER TABLE public.store_cartitem OWNER TO shopuser;

--
-- Name: store_cartitem_id_seq; Type: SEQUENCE; Schema: public; Owner: shopuser
--

ALTER TABLE public.store_cartitem ALTER COLUMN id ADD GENERATED BY DEFAULT AS IDENTITY (
    SEQUENCE NAME public.store_cartitem_id_seq
    START WITH 1
    INCREMENT BY 1
    NO MINVALUE
    NO MAXVALUE
    CACHE 1
);


--
-- Name: store_category; Type: TABLE; Schema: public; Owner: shopuser
--

CREATE TABLE public.store_category (
    id bigint NOT NULL,
    name character varying(100) NOT NULL
);


ALTER TABLE public.store_category OWNER TO shopuser;

--
-- Name: store_category_id_seq; Type: SEQUENCE; Schema: public; Owner: shopuser
--

ALTER TABLE public.store_category ALTER COLUMN id ADD GENERATED BY DEFAULT AS IDENTITY (
    SEQUENCE NAME public.store_category_id_seq
    START WITH 1
    INCREMENT BY 1
    NO MINVALUE
    NO MAXVALUE
    CACHE 1
);


--
-- Name: store_faq; Type: TABLE; Schema: public; Owner: shopuser
--

CREATE TABLE public.store_faq (
    id bigint NOT NULL,
    question character varying(255) NOT NULL,
    answer text NOT NULL
);


ALTER TABLE public.store_faq OWNER TO shopuser;

--
-- Name: store_faq_id_seq; Type: SEQUENCE; Schema: public; Owner: shopuser
--

ALTER TABLE public.store_faq ALTER COLUMN id ADD GENERATED BY DEFAULT AS IDENTITY (
    SEQUENCE NAME public.store_faq_id_seq
    START WITH 1
    INCREMENT BY 1
    NO MINVALUE
    NO MAXVALUE
    CACHE 1
);


--
-- Name: store_order; Type: TABLE; Schema: public; Owner: shopuser
--

CREATE TABLE public.store_order (
    id bigint NOT NULL,
    name character varying(150) NOT NULL,
    address text NOT NULL,
    phone character varying(20) NOT NULL,
    created_at timestamp with time zone NOT NULL,
    is_paid boolean NOT NULL,
    user_id bigint NOT NULL
);


ALTER TABLE public.store_order OWNER TO shopuser;

--
-- Name: store_order_id_seq; Type: SEQUENCE; Schema: public; Owner: shopuser
--

ALTER TABLE public.store_order ALTER COLUMN id ADD GENERATED BY DEFAULT AS IDENTITY (
    SEQUENCE NAME public.store_order_id_seq
    START WITH 1
    INCREMENT BY 1
    NO MINVALUE
    NO MAXVALUE
    CACHE 1
);


--
-- Name: store_orderitem; Type: TABLE; Schema: public; Owner: shopuser
--

CREATE TABLE public.store_orderitem (
    id bigint NOT NULL,
    quantity integer NOT NULL,
    order_id bigint NOT NULL,
    product_id bigint NOT NULL,
    CONSTRAINT store_orderitem_quantity_check CHECK ((quantity >= 0))
);


ALTER TABLE public.store_orderitem OWNER TO shopuser;

--
-- Name: store_orderitem_id_seq; Type: SEQUENCE; Schema: public; Owner: shopuser
--

ALTER TABLE public.store_orderitem ALTER COLUMN id ADD GENERATED BY DEFAULT AS IDENTITY (
    SEQUENCE NAME public.store_orderitem_id_seq
    START WITH 1
    INCREMENT BY 1
    NO MINVALUE
    NO MAXVALUE
    CACHE 1
);


--
-- Name: store_product; Type: TABLE; Schema: public; Owner: shopuser
--

CREATE TABLE public.store_product (
    id bigint NOT NULL,
    name character varying(200) NOT NULL,
    description text NOT NULL,
    price numeric(10,2) NOT NULL,
    photo character varying(100),
    subcategory_id bigint NOT NULL
);


ALTER TABLE public.store_product OWNER TO shopuser;

--
-- Name: store_product_id_seq; Type: SEQUENCE; Schema: public; Owner: shopuser
--

ALTER TABLE public.store_product ALTER COLUMN id ADD GENERATED BY DEFAULT AS IDENTITY (
    SEQUENCE NAME public.store_product_id_seq
    START WITH 1
    INCREMENT BY 1
    NO MINVALUE
    NO MAXVALUE
    CACHE 1
);


--
-- Name: store_subcategory; Type: TABLE; Schema: public; Owner: shopuser
--

CREATE TABLE public.store_subcategory (
    id bigint NOT NULL,
    name character varying(100) NOT NULL,
    category_id bigint NOT NULL
);


ALTER TABLE public.store_subcategory OWNER TO shopuser;

--
-- Name: store_subcategory_id_seq; Type: SEQUENCE; Schema: public; Owner: shopuser
--

ALTER TABLE public.store_subcategory ALTER COLUMN id ADD GENERATED BY DEFAULT AS IDENTITY (
    SEQUENCE NAME public.store_subcategory_id_seq
    START WITH 1
    INCREMENT BY 1
    NO MINVALUE
    NO MAXVALUE
    CACHE 1
);


--
-- Name: store_telegramuser; Type: TABLE; Schema: public; Owner: shopuser
--

CREATE TABLE public.store_telegramuser (
    id bigint NOT NULL,
    username character varying(150) NOT NULL,
    first_name character varying(150) NOT NULL,
    last_name character varying(150) NOT NULL,
    created_at timestamp with time zone NOT NULL
);


ALTER TABLE public.store_telegramuser OWNER TO shopuser;

--
-- Data for Name: auth_group; Type: TABLE DATA; Schema: public; Owner: shopuser
--

COPY public.auth_group (id, name) FROM stdin;
\.


--
-- Data for Name: auth_group_permissions; Type: TABLE DATA; Schema: public; Owner: shopuser
--

COPY public.auth_group_permissions (id, group_id, permission_id) FROM stdin;
\.


--
-- Data for Name: auth_permission; Type: TABLE DATA; Schema: public; Owner: shopuser
--

COPY public.auth_permission (id, name, content_type_id, codename) FROM stdin;
1	Can add category	1	add_category
2	Can change category	1	change_category
3	Can delete category	1	delete_category
4	Can view category	1	view_category
5	Can add faq	2	add_faq
6	Can change faq	2	change_faq
7	Can delete faq	2	delete_faq
8	Can view faq	2	view_faq
9	Can add order	3	add_order
10	Can change order	3	change_order
11	Can delete order	3	delete_order
12	Can view order	3	view_order
13	Can add product	4	add_product
14	Can change product	4	change_product
15	Can delete product	4	delete_product
16	Can view product	4	view_product
17	Can add telegram user	5	add_telegramuser
18	Can change telegram user	5	change_telegramuser
19	Can delete telegram user	5	delete_telegramuser
20	Can view telegram user	5	view_telegramuser
21	Can add order item	6	add_orderitem
22	Can change order item	6	change_orderitem
23	Can delete order item	6	delete_orderitem
24	Can view order item	6	view_orderitem
25	Can add sub category	7	add_subcategory
26	Can change sub category	7	change_subcategory
27	Can delete sub category	7	delete_subcategory
28	Can view sub category	7	view_subcategory
29	Can add cart	8	add_cart
30	Can change cart	8	change_cart
31	Can delete cart	8	delete_cart
32	Can view cart	8	view_cart
33	Can add cart item	9	add_cartitem
34	Can change cart item	9	change_cartitem
35	Can delete cart item	9	delete_cartitem
36	Can view cart item	9	view_cartitem
37	Can add log entry	10	add_logentry
38	Can change log entry	10	change_logentry
39	Can delete log entry	10	delete_logentry
40	Can view log entry	10	view_logentry
41	Can add permission	11	add_permission
42	Can change permission	11	change_permission
43	Can delete permission	11	delete_permission
44	Can view permission	11	view_permission
45	Can add group	12	add_group
46	Can change group	12	change_group
47	Can delete group	12	delete_group
48	Can view group	12	view_group
49	Can add user	13	add_user
50	Can change user	13	change_user
51	Can delete user	13	delete_user
52	Can view user	13	view_user
53	Can add content type	14	add_contenttype
54	Can change content type	14	change_contenttype
55	Can delete content type	14	delete_contenttype
56	Can view content type	14	view_contenttype
57	Can add session	15	add_session
58	Can change session	15	change_session
59	Can delete session	15	delete_session
60	Can view session	15	view_session
\.


--
-- Data for Name: auth_user; Type: TABLE DATA; Schema: public; Owner: shopuser
--

COPY public.auth_user (id, password, last_login, is_superuser, username, first_name, last_name, email, is_staff, is_active, date_joined) FROM stdin;
1	pbkdf2_sha256$600000$ISGEatpZ3VA62JLGZafhYg$aTo3aND3dzUjijfy5Kldn2jOo6eOdoxcSLHVXXk1cbg=	2025-06-21 07:37:54.801312+00	t	admin			admin@gmail.com	t	t	2025-06-21 07:07:54.303159+00
\.


--
-- Data for Name: auth_user_groups; Type: TABLE DATA; Schema: public; Owner: shopuser
--

COPY public.auth_user_groups (id, user_id, group_id) FROM stdin;
\.


--
-- Data for Name: auth_user_user_permissions; Type: TABLE DATA; Schema: public; Owner: shopuser
--

COPY public.auth_user_user_permissions (id, user_id, permission_id) FROM stdin;
\.


--
-- Data for Name: django_admin_log; Type: TABLE DATA; Schema: public; Owner: shopuser
--

COPY public.django_admin_log (id, action_time, object_id, object_repr, action_flag, change_message, content_type_id, user_id) FROM stdin;
1	2025-06-21 08:15:45.456155+00	1	Мебель	1	[{"added": {}}, {"added": {"name": "sub category", "object": "\\u0441\\u0442\\u0443\\u043b\\u044c\\u044f"}}, {"added": {"name": "sub category", "object": "\\u0441\\u0442\\u043e\\u043b\\u044b"}}, {"added": {"name": "sub category", "object": "\\u0434\\u0438\\u0432\\u0430\\u043d\\u044b"}}, {"added": {"name": "sub category", "object": "\\u043a\\u0440\\u0435\\u0441\\u043b\\u0430"}}, {"added": {"name": "sub category", "object": "\\u043a\\u0440\\u043e\\u0432\\u0430\\u0442\\u0438"}}]	1	1
2	2025-06-21 08:18:02.447596+00	1	Стол Ультра супер ТОП	1	[{"added": {}}]	4	1
3	2025-06-21 08:19:27.349575+00	2	Диван Ультра ТОП	1	[{"added": {}}]	4	1
4	2025-06-21 08:20:28.607642+00	3	Стул супер ТОП	1	[{"added": {}}]	4	1
5	2025-06-21 08:21:19.971792+00	4	Диван Ультра супер ТОП	1	[{"added": {}}]	4	1
6	2025-06-21 13:14:54.114745+00	2	Бытовая техника	1	[{"added": {}}, {"added": {"name": "sub category", "object": "\\u0425\\u043e\\u043b\\u043e\\u0434\\u0438\\u043b\\u044c\\u043d\\u0438\\u043a\\u0438"}}, {"added": {"name": "sub category", "object": "\\u041f\\u043e\\u0441\\u0443\\u0434\\u043e\\u043c\\u043e\\u0439\\u043a\\u0438"}}, {"added": {"name": "sub category", "object": "\\u0421\\u0442\\u0438\\u0440\\u0430\\u043b\\u044c\\u043d\\u044b\\u0435 \\u043c\\u0430\\u0448\\u0438\\u043d\\u044b"}}, {"added": {"name": "sub category", "object": "\\u041f\\u044b\\u043b\\u0435\\u0441\\u043e\\u0441\\u044b"}}, {"added": {"name": "sub category", "object": "\\u0427\\u0430\\u0439\\u043d\\u0438\\u043a\\u0438"}}, {"added": {"name": "sub category", "object": "\\u0414\\u0443\\u0445\\u043e\\u0432\\u043a\\u0438"}}]	1	1
7	2025-06-21 13:15:38.726653+00	3	олаврываро	1	[{"added": {}}, {"added": {"name": "sub category", "object": "\\u044b\\u0432\\u0430\\u044b\\u0432\\u0430\\u044b\\u0432\\u0430"}}, {"added": {"name": "sub category", "object": "\\u044b\\u0432\\u0430\\u044b\\u0432\\u0430\\u044b\\u0432\\u0430"}}, {"added": {"name": "sub category", "object": "\\u044b\\u0432\\u0430\\u044b\\u0432\\u0430\\u044b\\u0432\\u0430"}}, {"added": {"name": "sub category", "object": "\\u044b\\u0432\\u0430\\u044b\\u0432\\u0430\\u044b\\u0432\\u0430"}}, {"added": {"name": "sub category", "object": "\\u044b\\u0432\\u0430\\u044b\\u0432\\u0430\\u044b\\u0432\\u0430\\u044b\\u0432\\u0430"}}, {"added": {"name": "sub category", "object": "\\u044b\\u0432\\u0430\\u044b\\u0432\\u0430\\u044b\\u0444\\u0432\\u0430\\u0444\\u0432\\u044b\\u0430"}}, {"added": {"name": "sub category", "object": "\\u0444\\u044b\\u043f\\u0432\\u0430\\u044b\\u0440\\u0444\\u0444\\u044b\\u0432\\u0430\\u043f"}}, {"added": {"name": "sub category", "object": "\\u0444\\u044b\\u0430\\u043f\\u0444\\u044b\\u043f\\u0444\\u0432\\u0430\\u044b\\u0444\\u044b\\u0432"}}, {"added": {"name": "sub category", "object": "\\u0444\\u044b\\u0432\\u0430\\u0444\\u044b\\u0432\\u0430\\u0444\\u044b\\u0432\\u0430\\u0432"}}, {"added": {"name": "sub category", "object": "\\u0444\\u044b\\u0432\\u0430\\u0444\\u044b\\u0432\\u0430\\u0443\\u0446\\u043a"}}]	1	1
8	2025-06-21 13:16:01.968369+00	4	йкепав	1	[{"added": {}}, {"added": {"name": "sub category", "object": "\\u044f\\u0447\\u0441\\u0438\\u0443"}}, {"added": {"name": "sub category", "object": "\\u0446\\u0443\\u043a\\u0439\\u0446\\u0443\\u0432\\u0430\\u044b\\u0432"}}, {"added": {"name": "sub category", "object": "\\u0446\\u0443\\u043a\\u044f\\u043c\\u0446"}}, {"added": {"name": "sub category", "object": "\\u0444\\u044b\\u0432\\u04304\\u0446\\u0443\\u043a"}}, {"added": {"name": "sub category", "object": "\\u044f\\u0447\\u0441\\u043c\\u0444\\u044b\\u044b\\u043a\\u0435"}}]	1	1
9	2025-06-21 13:16:27.092259+00	5	0-=90-см	1	[{"added": {}}, {"added": {"name": "sub category", "object": "\\u0444\\u044b\\u0432\\u043a\\u0435223"}}, {"added": {"name": "sub category", "object": "23\\u043a\\u0432\\u044b\\u044b\\u044b\\u044b\\u0430\\u0446"}}, {"added": {"name": "sub category", "object": "32\\u043a\\u044b\\u0432\\u0441\\u043c\\u044b"}}, {"added": {"name": "sub category", "object": "234234"}}, {"added": {"name": "sub category", "object": "\\u0441\\u0447\\u043c\\u0447\\u0441\\u043c"}}]	1	1
10	2025-06-21 15:29:14.66648+00	8	Order #8 by anton3159	3		3	1
11	2025-06-21 15:29:14.673302+00	7	Order #7 by anton3159	3		3	1
12	2025-06-21 15:29:14.676406+00	6	Order #6 by anton3159	3		3	1
13	2025-06-21 15:29:14.67926+00	5	Order #5 by anton3159	3		3	1
14	2025-06-21 15:29:14.682077+00	4	Order #4 by anton3159	3		3	1
15	2025-06-21 15:29:14.684796+00	3	Order #3 by anton3159	3		3	1
16	2025-06-21 15:29:14.687394+00	2	Order #2 by anton3159	3		3	1
17	2025-06-21 15:29:14.690017+00	1	Order #1 by anton3159	3		3	1
18	2025-06-21 16:31:30.093755+00	1	как работать с ботом?	1	[{"added": {}}]	2	1
19	2025-06-21 16:32:04.551045+00	2	что делать после оплаты?	1	[{"added": {}}]	2	1
\.


--
-- Data for Name: django_content_type; Type: TABLE DATA; Schema: public; Owner: shopuser
--

COPY public.django_content_type (id, app_label, model) FROM stdin;
1	store	category
2	store	faq
3	store	order
4	store	product
5	store	telegramuser
6	store	orderitem
7	store	subcategory
8	store	cart
9	store	cartitem
10	admin	logentry
11	auth	permission
12	auth	group
13	auth	user
14	contenttypes	contenttype
15	sessions	session
\.


--
-- Data for Name: django_migrations; Type: TABLE DATA; Schema: public; Owner: shopuser
--

COPY public.django_migrations (id, app, name, applied) FROM stdin;
1	contenttypes	0001_initial	2025-06-21 07:05:06.112509+00
2	auth	0001_initial	2025-06-21 07:05:06.238932+00
3	admin	0001_initial	2025-06-21 07:05:06.268769+00
4	admin	0002_logentry_remove_auto_add	2025-06-21 07:05:06.274283+00
5	admin	0003_logentry_add_action_flag_choices	2025-06-21 07:05:06.280434+00
6	contenttypes	0002_remove_content_type_name	2025-06-21 07:05:06.289426+00
7	auth	0002_alter_permission_name_max_length	2025-06-21 07:05:06.295654+00
8	auth	0003_alter_user_email_max_length	2025-06-21 07:05:06.30349+00
9	auth	0004_alter_user_username_opts	2025-06-21 07:05:06.310409+00
10	auth	0005_alter_user_last_login_null	2025-06-21 07:05:06.317218+00
11	auth	0006_require_contenttypes_0002	2025-06-21 07:05:06.321602+00
12	auth	0007_alter_validators_add_error_messages	2025-06-21 07:05:06.327884+00
13	auth	0008_alter_user_username_max_length	2025-06-21 07:05:06.339404+00
14	auth	0009_alter_user_last_name_max_length	2025-06-21 07:05:06.34734+00
15	auth	0010_alter_group_name_max_length	2025-06-21 07:05:06.354594+00
16	auth	0011_update_proxy_permissions	2025-06-21 07:05:06.360512+00
17	auth	0012_alter_user_first_name_max_length	2025-06-21 07:05:06.36687+00
18	sessions	0001_initial	2025-06-21 07:05:06.393583+00
19	store	0001_initial	2025-06-21 07:05:06.489389+00
20	store	0002_telegramuser_created_at	2025-06-21 07:05:06.494781+00
21	store	0003_alter_product_photo	2025-06-21 07:05:06.500152+00
22	store	0004_cart_cartitem	2025-06-21 07:05:06.538263+00
\.


--
-- Data for Name: django_session; Type: TABLE DATA; Schema: public; Owner: shopuser
--

COPY public.django_session (session_key, session_data, expire_date) FROM stdin;
fal0onjix41xtkh8o0g4q5a7w6bbvn49	.eJxVjEEOwiAQRe_C2hCEAhmX7j0DGWYGqRqalHbVeHdt0oVu_3vvbyrhutS0dpnTyOqizur0u2Wkp7Qd8APbfdI0tWUes94VfdCubxPL63q4fwcVe_3WAkDekaABV4aIjlgKYLAisXAWA7YYdJEL2czgBpONz95FEwIQWPX-ABOlOJs:1uSsnS:6pbqkKZaunaCsNW6BF6HPqEacAkwHJakAC4UzksWDxM	2025-07-05 07:37:54.805754+00
\.


--
-- Data for Name: store_cart; Type: TABLE DATA; Schema: public; Owner: shopuser
--

COPY public.store_cart (id, user_id) FROM stdin;
1	620125289
\.


--
-- Data for Name: store_cartitem; Type: TABLE DATA; Schema: public; Owner: shopuser
--

COPY public.store_cartitem (id, quantity, cart_id, product_id) FROM stdin;
\.


--
-- Data for Name: store_category; Type: TABLE DATA; Schema: public; Owner: shopuser
--

COPY public.store_category (id, name) FROM stdin;
1	Мебель
2	Бытовая техника
3	олаврываро
4	йкепав
5	0-=90-см
\.


--
-- Data for Name: store_faq; Type: TABLE DATA; Schema: public; Owner: shopuser
--

COPY public.store_faq (id, question, answer) FROM stdin;
1	как работать с ботом?	Элементарно ватсон
2	что делать после оплаты?	ждать зака
\.


--
-- Data for Name: store_order; Type: TABLE DATA; Schema: public; Owner: shopuser
--

COPY public.store_order (id, name, address, phone, created_at, is_paid, user_id) FROM stdin;
9	Антон	Волулвоататв	79123915151	2025-06-21 15:30:10.58083+00	t	620125289
10	Антон	Ппппааапппавукнр	79123915151	2025-06-21 15:38:53.494277+00	t	620125289
11	Антон	Адрес доставки	79123915151	2025-06-21 16:13:22.759486+00	t	620125289
12	Антон	Аааааааа	79123915151	2025-06-21 18:19:54.391545+00	f	620125289
\.


--
-- Data for Name: store_orderitem; Type: TABLE DATA; Schema: public; Owner: shopuser
--

COPY public.store_orderitem (id, quantity, order_id, product_id) FROM stdin;
9	2	9	3
10	2	10	3
11	2	11	3
12	1	12	3
\.


--
-- Data for Name: store_product; Type: TABLE DATA; Schema: public; Owner: shopuser
--

COPY public.store_product (id, name, description, price, photo, subcategory_id) FROM stdin;
1	Стол Ультра супер ТОП	🎲 Игровой стол - ваш пропуск в мир захватывающих настольных развлечений!\r\nПредставляем вашему вниманию многофункциональный игровой стол, который станет центром притяжения для всей семьи. Этот стильный и практичный аксессуар превратит обычные вечера в увлекательное времяпрепровождение.\r\n✨ Особенности:\r\n• Прочная конструкция из высококачественных материалов\r\n• Вместительная игровая поверхность\r\n• Компактный размер для любого интерьера\r\n• Легкий монтаж и сборка\r\n• Антибликовое покрытие для комфортного просмотра\r\n🎯 Идеально подходит для:\r\nНастольных игр\r\nКарточных вечеров\r\nРазвлечений с друзьями\r\nОбучающих занятий\r\nТворческих мастер-классов	15000.00	products/24069_big.jpeg	2
2	Диван Ультра ТОП	🛋 Элегантный диван "Комфорт Премиум" – ваш идеальный выбор для уютного отдыха!\r\nПредставляем вашему вниманию стильное и функциональное решение для современного интерьера. Этот диван сочетает в себе безупречный дизайн, практичность и комфорт.\r\n✨ Особенности модели:\r\n• Эргономичная форма сиденья и спинки\r\n• Вместительный ящик для хранения\r\n• Возможность использования как в гостиной, так и в спальне\r\n• Универсальный дизайн, подходящий под любой интерьер\r\n• Надежный механизм трансформации	50000.00	products/2c6454b1f91a767a4f461ee498b0e930.jpg	3
3	Стул супер ТОП	🛋 Игровой стул - ваш пропуск в мир комфорта и стиля!\r\nПредставляем вашему вниманию эргономичный игровой стул, созданный специально для тех, кто проводит много времени за компьютером. Этот стильный аксессуар станет не только функциональным элементом вашего рабочего пространства, но и настоящим украшением интерьера.\r\n✨ Особенности, которые вас покорят:\r\n• Анатомическая форма сиденья и спинки обеспечивает правильное положение тела во время игры или работы\r\n• Дышащая сетчатая поверхность позволяет воздуху свободно циркулировать\r\n• Регулируемая высота для максимального комфорта\r\n• Подлокотники с мягкими накладками снимают нагрузку с рук\r\n• Прочная конструкция выдерживает до 120 кг	15000.00	products/10-4.jpg	1
4	Диван Ультра супер ТОП	🛋️ Представляем вашему вниманию абсолютного чемпиона комфорта – наш топовый диван, который заслуживает особого места в вашем доме!\r\n✨ Этот красавец не просто мебель – это настоящий центр притяжения для всей семьи. Его изысканный дизайн и безупречные линии создают ощущение роскоши в каждом уголке вашего пространства.\r\n🛋️ Мягкие, словно облака, подушки обнимают вас с первых секунд, даря непревзойденный комфорт и уют. Эргономичная спинка заботится о вашей спине, а продуманная система хранения хранит ваши секреты комфорта.	100000.00	products/orig.jpeg	3
\.


--
-- Data for Name: store_subcategory; Type: TABLE DATA; Schema: public; Owner: shopuser
--

COPY public.store_subcategory (id, name, category_id) FROM stdin;
1	стулья	1
2	столы	1
3	диваны	1
4	кресла	1
5	кровати	1
6	Холодильники	2
7	Посудомойки	2
8	Стиральные машины	2
9	Пылесосы	2
10	Чайники	2
11	Духовки	2
12	ываываыва	3
13	ываываыва	3
14	ываываыва	3
15	ываываыва	3
16	ываываываыва	3
17	ываываыфвафвыа	3
18	фыпваырффывап	3
19	фыапфыпфваыфыв	3
20	фывафывафывав	3
21	фывафывауцк	3
22	ячсиу	4
23	цукйцуваыв	4
24	цукямц	4
25	фыва4цук	4
26	ячсмфыыке	4
27	фывке223	5
28	23квыыыыац	5
29	32кывсмы	5
30	234234	5
31	счмчсм	5
\.


--
-- Data for Name: store_telegramuser; Type: TABLE DATA; Schema: public; Owner: shopuser
--

COPY public.store_telegramuser (id, username, first_name, last_name, created_at) FROM stdin;
620125289	anton3159	Антон		2025-06-21 07:05:22.121566+00
\.


--
-- Name: auth_group_id_seq; Type: SEQUENCE SET; Schema: public; Owner: shopuser
--

SELECT pg_catalog.setval('public.auth_group_id_seq', 1, false);


--
-- Name: auth_group_permissions_id_seq; Type: SEQUENCE SET; Schema: public; Owner: shopuser
--

SELECT pg_catalog.setval('public.auth_group_permissions_id_seq', 1, false);


--
-- Name: auth_permission_id_seq; Type: SEQUENCE SET; Schema: public; Owner: shopuser
--

SELECT pg_catalog.setval('public.auth_permission_id_seq', 60, true);


--
-- Name: auth_user_groups_id_seq; Type: SEQUENCE SET; Schema: public; Owner: shopuser
--

SELECT pg_catalog.setval('public.auth_user_groups_id_seq', 1, false);


--
-- Name: auth_user_id_seq; Type: SEQUENCE SET; Schema: public; Owner: shopuser
--

SELECT pg_catalog.setval('public.auth_user_id_seq', 1, true);


--
-- Name: auth_user_user_permissions_id_seq; Type: SEQUENCE SET; Schema: public; Owner: shopuser
--

SELECT pg_catalog.setval('public.auth_user_user_permissions_id_seq', 1, false);


--
-- Name: django_admin_log_id_seq; Type: SEQUENCE SET; Schema: public; Owner: shopuser
--

SELECT pg_catalog.setval('public.django_admin_log_id_seq', 19, true);


--
-- Name: django_content_type_id_seq; Type: SEQUENCE SET; Schema: public; Owner: shopuser
--

SELECT pg_catalog.setval('public.django_content_type_id_seq', 15, true);


--
-- Name: django_migrations_id_seq; Type: SEQUENCE SET; Schema: public; Owner: shopuser
--

SELECT pg_catalog.setval('public.django_migrations_id_seq', 22, true);


--
-- Name: store_cart_id_seq; Type: SEQUENCE SET; Schema: public; Owner: shopuser
--

SELECT pg_catalog.setval('public.store_cart_id_seq', 2, true);


--
-- Name: store_cartitem_id_seq; Type: SEQUENCE SET; Schema: public; Owner: shopuser
--

SELECT pg_catalog.setval('public.store_cartitem_id_seq', 12, true);


--
-- Name: store_category_id_seq; Type: SEQUENCE SET; Schema: public; Owner: shopuser
--

SELECT pg_catalog.setval('public.store_category_id_seq', 5, true);


--
-- Name: store_faq_id_seq; Type: SEQUENCE SET; Schema: public; Owner: shopuser
--

SELECT pg_catalog.setval('public.store_faq_id_seq', 2, true);


--
-- Name: store_order_id_seq; Type: SEQUENCE SET; Schema: public; Owner: shopuser
--

SELECT pg_catalog.setval('public.store_order_id_seq', 12, true);


--
-- Name: store_orderitem_id_seq; Type: SEQUENCE SET; Schema: public; Owner: shopuser
--

SELECT pg_catalog.setval('public.store_orderitem_id_seq', 12, true);


--
-- Name: store_product_id_seq; Type: SEQUENCE SET; Schema: public; Owner: shopuser
--

SELECT pg_catalog.setval('public.store_product_id_seq', 4, true);


--
-- Name: store_subcategory_id_seq; Type: SEQUENCE SET; Schema: public; Owner: shopuser
--

SELECT pg_catalog.setval('public.store_subcategory_id_seq', 31, true);


--
-- Name: auth_group auth_group_name_key; Type: CONSTRAINT; Schema: public; Owner: shopuser
--

ALTER TABLE ONLY public.auth_group
    ADD CONSTRAINT auth_group_name_key UNIQUE (name);


--
-- Name: auth_group_permissions auth_group_permissions_group_id_permission_id_0cd325b0_uniq; Type: CONSTRAINT; Schema: public; Owner: shopuser
--

ALTER TABLE ONLY public.auth_group_permissions
    ADD CONSTRAINT auth_group_permissions_group_id_permission_id_0cd325b0_uniq UNIQUE (group_id, permission_id);


--
-- Name: auth_group_permissions auth_group_permissions_pkey; Type: CONSTRAINT; Schema: public; Owner: shopuser
--

ALTER TABLE ONLY public.auth_group_permissions
    ADD CONSTRAINT auth_group_permissions_pkey PRIMARY KEY (id);


--
-- Name: auth_group auth_group_pkey; Type: CONSTRAINT; Schema: public; Owner: shopuser
--

ALTER TABLE ONLY public.auth_group
    ADD CONSTRAINT auth_group_pkey PRIMARY KEY (id);


--
-- Name: auth_permission auth_permission_content_type_id_codename_01ab375a_uniq; Type: CONSTRAINT; Schema: public; Owner: shopuser
--

ALTER TABLE ONLY public.auth_permission
    ADD CONSTRAINT auth_permission_content_type_id_codename_01ab375a_uniq UNIQUE (content_type_id, codename);


--
-- Name: auth_permission auth_permission_pkey; Type: CONSTRAINT; Schema: public; Owner: shopuser
--

ALTER TABLE ONLY public.auth_permission
    ADD CONSTRAINT auth_permission_pkey PRIMARY KEY (id);


--
-- Name: auth_user_groups auth_user_groups_pkey; Type: CONSTRAINT; Schema: public; Owner: shopuser
--

ALTER TABLE ONLY public.auth_user_groups
    ADD CONSTRAINT auth_user_groups_pkey PRIMARY KEY (id);


--
-- Name: auth_user_groups auth_user_groups_user_id_group_id_94350c0c_uniq; Type: CONSTRAINT; Schema: public; Owner: shopuser
--

ALTER TABLE ONLY public.auth_user_groups
    ADD CONSTRAINT auth_user_groups_user_id_group_id_94350c0c_uniq UNIQUE (user_id, group_id);


--
-- Name: auth_user auth_user_pkey; Type: CONSTRAINT; Schema: public; Owner: shopuser
--

ALTER TABLE ONLY public.auth_user
    ADD CONSTRAINT auth_user_pkey PRIMARY KEY (id);


--
-- Name: auth_user_user_permissions auth_user_user_permissions_pkey; Type: CONSTRAINT; Schema: public; Owner: shopuser
--

ALTER TABLE ONLY public.auth_user_user_permissions
    ADD CONSTRAINT auth_user_user_permissions_pkey PRIMARY KEY (id);


--
-- Name: auth_user_user_permissions auth_user_user_permissions_user_id_permission_id_14a6b632_uniq; Type: CONSTRAINT; Schema: public; Owner: shopuser
--

ALTER TABLE ONLY public.auth_user_user_permissions
    ADD CONSTRAINT auth_user_user_permissions_user_id_permission_id_14a6b632_uniq UNIQUE (user_id, permission_id);


--
-- Name: auth_user auth_user_username_key; Type: CONSTRAINT; Schema: public; Owner: shopuser
--

ALTER TABLE ONLY public.auth_user
    ADD CONSTRAINT auth_user_username_key UNIQUE (username);


--
-- Name: django_admin_log django_admin_log_pkey; Type: CONSTRAINT; Schema: public; Owner: shopuser
--

ALTER TABLE ONLY public.django_admin_log
    ADD CONSTRAINT django_admin_log_pkey PRIMARY KEY (id);


--
-- Name: django_content_type django_content_type_app_label_model_76bd3d3b_uniq; Type: CONSTRAINT; Schema: public; Owner: shopuser
--

ALTER TABLE ONLY public.django_content_type
    ADD CONSTRAINT django_content_type_app_label_model_76bd3d3b_uniq UNIQUE (app_label, model);


--
-- Name: django_content_type django_content_type_pkey; Type: CONSTRAINT; Schema: public; Owner: shopuser
--

ALTER TABLE ONLY public.django_content_type
    ADD CONSTRAINT django_content_type_pkey PRIMARY KEY (id);


--
-- Name: django_migrations django_migrations_pkey; Type: CONSTRAINT; Schema: public; Owner: shopuser
--

ALTER TABLE ONLY public.django_migrations
    ADD CONSTRAINT django_migrations_pkey PRIMARY KEY (id);


--
-- Name: django_session django_session_pkey; Type: CONSTRAINT; Schema: public; Owner: shopuser
--

ALTER TABLE ONLY public.django_session
    ADD CONSTRAINT django_session_pkey PRIMARY KEY (session_key);


--
-- Name: store_cart store_cart_pkey; Type: CONSTRAINT; Schema: public; Owner: shopuser
--

ALTER TABLE ONLY public.store_cart
    ADD CONSTRAINT store_cart_pkey PRIMARY KEY (id);


--
-- Name: store_cart store_cart_user_id_key; Type: CONSTRAINT; Schema: public; Owner: shopuser
--

ALTER TABLE ONLY public.store_cart
    ADD CONSTRAINT store_cart_user_id_key UNIQUE (user_id);


--
-- Name: store_cartitem store_cartitem_pkey; Type: CONSTRAINT; Schema: public; Owner: shopuser
--

ALTER TABLE ONLY public.store_cartitem
    ADD CONSTRAINT store_cartitem_pkey PRIMARY KEY (id);


--
-- Name: store_category store_category_pkey; Type: CONSTRAINT; Schema: public; Owner: shopuser
--

ALTER TABLE ONLY public.store_category
    ADD CONSTRAINT store_category_pkey PRIMARY KEY (id);


--
-- Name: store_faq store_faq_pkey; Type: CONSTRAINT; Schema: public; Owner: shopuser
--

ALTER TABLE ONLY public.store_faq
    ADD CONSTRAINT store_faq_pkey PRIMARY KEY (id);


--
-- Name: store_order store_order_pkey; Type: CONSTRAINT; Schema: public; Owner: shopuser
--

ALTER TABLE ONLY public.store_order
    ADD CONSTRAINT store_order_pkey PRIMARY KEY (id);


--
-- Name: store_orderitem store_orderitem_pkey; Type: CONSTRAINT; Schema: public; Owner: shopuser
--

ALTER TABLE ONLY public.store_orderitem
    ADD CONSTRAINT store_orderitem_pkey PRIMARY KEY (id);


--
-- Name: store_product store_product_pkey; Type: CONSTRAINT; Schema: public; Owner: shopuser
--

ALTER TABLE ONLY public.store_product
    ADD CONSTRAINT store_product_pkey PRIMARY KEY (id);


--
-- Name: store_subcategory store_subcategory_pkey; Type: CONSTRAINT; Schema: public; Owner: shopuser
--

ALTER TABLE ONLY public.store_subcategory
    ADD CONSTRAINT store_subcategory_pkey PRIMARY KEY (id);


--
-- Name: store_telegramuser store_telegramuser_pkey; Type: CONSTRAINT; Schema: public; Owner: shopuser
--

ALTER TABLE ONLY public.store_telegramuser
    ADD CONSTRAINT store_telegramuser_pkey PRIMARY KEY (id);


--
-- Name: auth_group_name_a6ea08ec_like; Type: INDEX; Schema: public; Owner: shopuser
--

CREATE INDEX auth_group_name_a6ea08ec_like ON public.auth_group USING btree (name varchar_pattern_ops);


--
-- Name: auth_group_permissions_group_id_b120cbf9; Type: INDEX; Schema: public; Owner: shopuser
--

CREATE INDEX auth_group_permissions_group_id_b120cbf9 ON public.auth_group_permissions USING btree (group_id);


--
-- Name: auth_group_permissions_permission_id_84c5c92e; Type: INDEX; Schema: public; Owner: shopuser
--

CREATE INDEX auth_group_permissions_permission_id_84c5c92e ON public.auth_group_permissions USING btree (permission_id);


--
-- Name: auth_permission_content_type_id_2f476e4b; Type: INDEX; Schema: public; Owner: shopuser
--

CREATE INDEX auth_permission_content_type_id_2f476e4b ON public.auth_permission USING btree (content_type_id);


--
-- Name: auth_user_groups_group_id_97559544; Type: INDEX; Schema: public; Owner: shopuser
--

CREATE INDEX auth_user_groups_group_id_97559544 ON public.auth_user_groups USING btree (group_id);


--
-- Name: auth_user_groups_user_id_6a12ed8b; Type: INDEX; Schema: public; Owner: shopuser
--

CREATE INDEX auth_user_groups_user_id_6a12ed8b ON public.auth_user_groups USING btree (user_id);


--
-- Name: auth_user_user_permissions_permission_id_1fbb5f2c; Type: INDEX; Schema: public; Owner: shopuser
--

CREATE INDEX auth_user_user_permissions_permission_id_1fbb5f2c ON public.auth_user_user_permissions USING btree (permission_id);


--
-- Name: auth_user_user_permissions_user_id_a95ead1b; Type: INDEX; Schema: public; Owner: shopuser
--

CREATE INDEX auth_user_user_permissions_user_id_a95ead1b ON public.auth_user_user_permissions USING btree (user_id);


--
-- Name: auth_user_username_6821ab7c_like; Type: INDEX; Schema: public; Owner: shopuser
--

CREATE INDEX auth_user_username_6821ab7c_like ON public.auth_user USING btree (username varchar_pattern_ops);


--
-- Name: django_admin_log_content_type_id_c4bce8eb; Type: INDEX; Schema: public; Owner: shopuser
--

CREATE INDEX django_admin_log_content_type_id_c4bce8eb ON public.django_admin_log USING btree (content_type_id);


--
-- Name: django_admin_log_user_id_c564eba6; Type: INDEX; Schema: public; Owner: shopuser
--

CREATE INDEX django_admin_log_user_id_c564eba6 ON public.django_admin_log USING btree (user_id);


--
-- Name: django_session_expire_date_a5c62663; Type: INDEX; Schema: public; Owner: shopuser
--

CREATE INDEX django_session_expire_date_a5c62663 ON public.django_session USING btree (expire_date);


--
-- Name: django_session_session_key_c0390e0f_like; Type: INDEX; Schema: public; Owner: shopuser
--

CREATE INDEX django_session_session_key_c0390e0f_like ON public.django_session USING btree (session_key varchar_pattern_ops);


--
-- Name: store_cartitem_cart_id_4f60ac05; Type: INDEX; Schema: public; Owner: shopuser
--

CREATE INDEX store_cartitem_cart_id_4f60ac05 ON public.store_cartitem USING btree (cart_id);


--
-- Name: store_cartitem_product_id_4238d443; Type: INDEX; Schema: public; Owner: shopuser
--

CREATE INDEX store_cartitem_product_id_4238d443 ON public.store_cartitem USING btree (product_id);


--
-- Name: store_order_user_id_ae5f7a5f; Type: INDEX; Schema: public; Owner: shopuser
--

CREATE INDEX store_order_user_id_ae5f7a5f ON public.store_order USING btree (user_id);


--
-- Name: store_orderitem_order_id_acf8722d; Type: INDEX; Schema: public; Owner: shopuser
--

CREATE INDEX store_orderitem_order_id_acf8722d ON public.store_orderitem USING btree (order_id);


--
-- Name: store_orderitem_product_id_f2b098d4; Type: INDEX; Schema: public; Owner: shopuser
--

CREATE INDEX store_orderitem_product_id_f2b098d4 ON public.store_orderitem USING btree (product_id);


--
-- Name: store_product_subcategory_id_4a875c72; Type: INDEX; Schema: public; Owner: shopuser
--

CREATE INDEX store_product_subcategory_id_4a875c72 ON public.store_product USING btree (subcategory_id);


--
-- Name: store_subcategory_category_id_c0eefd44; Type: INDEX; Schema: public; Owner: shopuser
--

CREATE INDEX store_subcategory_category_id_c0eefd44 ON public.store_subcategory USING btree (category_id);


--
-- Name: auth_group_permissions auth_group_permissio_permission_id_84c5c92e_fk_auth_perm; Type: FK CONSTRAINT; Schema: public; Owner: shopuser
--

ALTER TABLE ONLY public.auth_group_permissions
    ADD CONSTRAINT auth_group_permissio_permission_id_84c5c92e_fk_auth_perm FOREIGN KEY (permission_id) REFERENCES public.auth_permission(id) DEFERRABLE INITIALLY DEFERRED;


--
-- Name: auth_group_permissions auth_group_permissions_group_id_b120cbf9_fk_auth_group_id; Type: FK CONSTRAINT; Schema: public; Owner: shopuser
--

ALTER TABLE ONLY public.auth_group_permissions
    ADD CONSTRAINT auth_group_permissions_group_id_b120cbf9_fk_auth_group_id FOREIGN KEY (group_id) REFERENCES public.auth_group(id) DEFERRABLE INITIALLY DEFERRED;


--
-- Name: auth_permission auth_permission_content_type_id_2f476e4b_fk_django_co; Type: FK CONSTRAINT; Schema: public; Owner: shopuser
--

ALTER TABLE ONLY public.auth_permission
    ADD CONSTRAINT auth_permission_content_type_id_2f476e4b_fk_django_co FOREIGN KEY (content_type_id) REFERENCES public.django_content_type(id) DEFERRABLE INITIALLY DEFERRED;


--
-- Name: auth_user_groups auth_user_groups_group_id_97559544_fk_auth_group_id; Type: FK CONSTRAINT; Schema: public; Owner: shopuser
--

ALTER TABLE ONLY public.auth_user_groups
    ADD CONSTRAINT auth_user_groups_group_id_97559544_fk_auth_group_id FOREIGN KEY (group_id) REFERENCES public.auth_group(id) DEFERRABLE INITIALLY DEFERRED;


--
-- Name: auth_user_groups auth_user_groups_user_id_6a12ed8b_fk_auth_user_id; Type: FK CONSTRAINT; Schema: public; Owner: shopuser
--

ALTER TABLE ONLY public.auth_user_groups
    ADD CONSTRAINT auth_user_groups_user_id_6a12ed8b_fk_auth_user_id FOREIGN KEY (user_id) REFERENCES public.auth_user(id) DEFERRABLE INITIALLY DEFERRED;


--
-- Name: auth_user_user_permissions auth_user_user_permi_permission_id_1fbb5f2c_fk_auth_perm; Type: FK CONSTRAINT; Schema: public; Owner: shopuser
--

ALTER TABLE ONLY public.auth_user_user_permissions
    ADD CONSTRAINT auth_user_user_permi_permission_id_1fbb5f2c_fk_auth_perm FOREIGN KEY (permission_id) REFERENCES public.auth_permission(id) DEFERRABLE INITIALLY DEFERRED;


--
-- Name: auth_user_user_permissions auth_user_user_permissions_user_id_a95ead1b_fk_auth_user_id; Type: FK CONSTRAINT; Schema: public; Owner: shopuser
--

ALTER TABLE ONLY public.auth_user_user_permissions
    ADD CONSTRAINT auth_user_user_permissions_user_id_a95ead1b_fk_auth_user_id FOREIGN KEY (user_id) REFERENCES public.auth_user(id) DEFERRABLE INITIALLY DEFERRED;


--
-- Name: django_admin_log django_admin_log_content_type_id_c4bce8eb_fk_django_co; Type: FK CONSTRAINT; Schema: public; Owner: shopuser
--

ALTER TABLE ONLY public.django_admin_log
    ADD CONSTRAINT django_admin_log_content_type_id_c4bce8eb_fk_django_co FOREIGN KEY (content_type_id) REFERENCES public.django_content_type(id) DEFERRABLE INITIALLY DEFERRED;


--
-- Name: django_admin_log django_admin_log_user_id_c564eba6_fk_auth_user_id; Type: FK CONSTRAINT; Schema: public; Owner: shopuser
--

ALTER TABLE ONLY public.django_admin_log
    ADD CONSTRAINT django_admin_log_user_id_c564eba6_fk_auth_user_id FOREIGN KEY (user_id) REFERENCES public.auth_user(id) DEFERRABLE INITIALLY DEFERRED;


--
-- Name: store_cart store_cart_user_id_99e99107_fk_store_telegramuser_id; Type: FK CONSTRAINT; Schema: public; Owner: shopuser
--

ALTER TABLE ONLY public.store_cart
    ADD CONSTRAINT store_cart_user_id_99e99107_fk_store_telegramuser_id FOREIGN KEY (user_id) REFERENCES public.store_telegramuser(id) DEFERRABLE INITIALLY DEFERRED;


--
-- Name: store_cartitem store_cartitem_cart_id_4f60ac05_fk_store_cart_id; Type: FK CONSTRAINT; Schema: public; Owner: shopuser
--

ALTER TABLE ONLY public.store_cartitem
    ADD CONSTRAINT store_cartitem_cart_id_4f60ac05_fk_store_cart_id FOREIGN KEY (cart_id) REFERENCES public.store_cart(id) DEFERRABLE INITIALLY DEFERRED;


--
-- Name: store_cartitem store_cartitem_product_id_4238d443_fk_store_product_id; Type: FK CONSTRAINT; Schema: public; Owner: shopuser
--

ALTER TABLE ONLY public.store_cartitem
    ADD CONSTRAINT store_cartitem_product_id_4238d443_fk_store_product_id FOREIGN KEY (product_id) REFERENCES public.store_product(id) DEFERRABLE INITIALLY DEFERRED;


--
-- Name: store_order store_order_user_id_ae5f7a5f_fk_store_telegramuser_id; Type: FK CONSTRAINT; Schema: public; Owner: shopuser
--

ALTER TABLE ONLY public.store_order
    ADD CONSTRAINT store_order_user_id_ae5f7a5f_fk_store_telegramuser_id FOREIGN KEY (user_id) REFERENCES public.store_telegramuser(id) DEFERRABLE INITIALLY DEFERRED;


--
-- Name: store_orderitem store_orderitem_order_id_acf8722d_fk_store_order_id; Type: FK CONSTRAINT; Schema: public; Owner: shopuser
--

ALTER TABLE ONLY public.store_orderitem
    ADD CONSTRAINT store_orderitem_order_id_acf8722d_fk_store_order_id FOREIGN KEY (order_id) REFERENCES public.store_order(id) DEFERRABLE INITIALLY DEFERRED;


--
-- Name: store_orderitem store_orderitem_product_id_f2b098d4_fk_store_product_id; Type: FK CONSTRAINT; Schema: public; Owner: shopuser
--

ALTER TABLE ONLY public.store_orderitem
    ADD CONSTRAINT store_orderitem_product_id_f2b098d4_fk_store_product_id FOREIGN KEY (product_id) REFERENCES public.store_product(id) DEFERRABLE INITIALLY DEFERRED;


--
-- Name: store_product store_product_subcategory_id_4a875c72_fk_store_subcategory_id; Type: FK CONSTRAINT; Schema: public; Owner: shopuser
--

ALTER TABLE ONLY public.store_product
    ADD CONSTRAINT store_product_subcategory_id_4a875c72_fk_store_subcategory_id FOREIGN KEY (subcategory_id) REFERENCES public.store_subcategory(id) DEFERRABLE INITIALLY DEFERRED;


--
-- Name: store_subcategory store_subcategory_category_id_c0eefd44_fk_store_category_id; Type: FK CONSTRAINT; Schema: public; Owner: shopuser
--

ALTER TABLE ONLY public.store_subcategory
    ADD CONSTRAINT store_subcategory_category_id_c0eefd44_fk_store_category_id FOREIGN KEY (category_id) REFERENCES public.store_category(id) DEFERRABLE INITIALLY DEFERRED;


--
-- PostgreSQL database dump complete
--

